framework,iteration,status,response_time_ms,query_count
laravel,1,200,3.819,2
laravel,2,200,3.195,2
laravel,3,200,3.464,2
laravel,4,200,3.739,2
laravel,5,200,3.584,2
laravel,6,200,3.506,2
laravel,7,200,3.677,2
laravel,8,200,3.69,2
laravel,9,200,3.306,2
laravel,10,200,3.455,2
laravel,11,200,3.358,2
laravel,12,200,3.812,2
laravel,13,200,3.173,2
laravel,14,200,3.535,2
laravel,15,200,3.183,2
laravel,16,200,3.266,2
laravel,17,200,4.342,2
laravel,18,200,3.306,2
laravel,19,200,8.338,2
laravel,20,200,3.231,2
laravel,21,200,3.782,2
laravel,22,200,3.621,2
laravel,23,200,3.319,2
laravel,24,200,4.041,2
laravel,25,200,3.317,2
laravel,26,200,3.923,2
laravel,27,200,6.896,2
laravel,28,200,3.784,2
laravel,29,200,3.321,2
laravel,30,200,3.744,2
symfony,1,200,31.152,3
symfony,2,200,12.429,3
symfony,3,200,10.567,3
symfony,4,200,10.173,3
symfony,5,200,9.604,3
symfony,6,200,9.127,3
symfony,7,200,10.467,3
symfony,8,200,9.114,3
symfony,9,200,8.993,3
symfony,10,200,9.4,3
symfony,11,200,9.117,3
symfony,12,200,9.062,3
symfony,13,200,8.821,3
symfony,14,200,8.707,3
symfony,15,200,11.231,3
symfony,16,200,9.032,3
symfony,17,200,9.367,3
symfony,18,200,8.242,3
symfony,19,200,8.574,3
symfony,20,200,8.823,3
symfony,21,200,8.426,3
symfony,22,200,22.026,3
symfony,23,200,8.314,3
symfony,24,200,8.485,3
symfony,25,200,8.677,3
symfony,26,200,27.67,3
symfony,27,200,21.625,3
symfony,28,200,11.303,3
symfony,29,200,11.075,3
symfony,30,200,13.884,3
