scenario,framework,iteration,http_status,response_time_ms,query_count,response_size_bytes,valid,error
list_per_page_15,laravel,1,200,5.586,0,5802,1,ok
list_per_page_15,laravel,2,200,5.319,0,5802,1,ok
list_per_page_15,laravel,3,200,4.936,0,5802,1,ok
list_per_page_15,laravel,4,200,4.966,0,5802,1,ok
list_per_page_15,laravel,5,200,5.506,0,5802,1,ok
list_per_page_15,laravel,6,200,5.873,0,5802,1,ok
list_per_page_15,laravel,7,200,5.122,0,5802,1,ok
list_per_page_15,laravel,8,200,5.165,0,5802,1,ok
list_per_page_15,laravel,9,200,5.093,0,5802,1,ok
list_per_page_15,laravel,10,200,5.36,0,5802,1,ok
list_per_page_15,laravel,11,200,5.133,0,5802,1,ok
list_per_page_15,laravel,12,200,5.143,0,5802,1,ok
list_per_page_15,laravel,13,200,6.349,0,5802,1,ok
list_per_page_15,laravel,14,200,6.198,0,5802,1,ok
list_per_page_15,laravel,15,200,5.282,0,5802,1,ok
list_per_page_15,laravel,16,200,5.321,0,5802,1,ok
list_per_page_15,laravel,17,200,5.075,0,5802,1,ok
list_per_page_15,laravel,18,200,10.123,0,5802,1,ok
list_per_page_15,laravel,19,200,4.956,0,5802,1,ok
list_per_page_15,laravel,20,200,5.605,0,5802,1,ok
list_per_page_15,laravel,21,200,5.576,0,5802,1,ok
list_per_page_15,laravel,22,200,5.655,0,5802,1,ok
list_per_page_15,laravel,23,200,6.547,0,5802,1,ok
list_per_page_15,laravel,24,200,5.833,0,5802,1,ok
list_per_page_15,laravel,25,200,5.547,0,5802,1,ok
list_per_page_15,laravel,26,200,5.001,0,5802,1,ok
list_per_page_15,laravel,27,200,5.458,0,5802,1,ok
list_per_page_15,laravel,28,200,4.998,0,5802,1,ok
list_per_page_15,laravel,29,200,5.024,0,5802,1,ok
list_per_page_15,laravel,30,200,4.982,0,5802,1,ok
list_per_page_15,symfony,1,200,4.013,0,4748,1,ok
list_per_page_15,symfony,2,200,3.946,0,4748,1,ok
list_per_page_15,symfony,3,200,3.903,0,4748,1,ok
list_per_page_15,symfony,4,200,10.437,0,4748,1,ok
list_per_page_15,symfony,5,200,4.202,0,4748,1,ok
list_per_page_15,symfony,6,200,3.816,0,4748,1,ok
list_per_page_15,symfony,7,200,4.48,0,4748,1,ok
list_per_page_15,symfony,8,200,3.875,0,4748,1,ok
list_per_page_15,symfony,9,200,3.861,0,4748,1,ok
list_per_page_15,symfony,10,200,4.511,0,4748,1,ok
list_per_page_15,symfony,11,200,4.016,0,4748,1,ok
list_per_page_15,symfony,12,200,3.878,0,4748,1,ok
list_per_page_15,symfony,13,200,10.157,0,4748,1,ok
list_per_page_15,symfony,14,200,4.204,0,4748,1,ok
list_per_page_15,symfony,15,200,5.558,0,4748,1,ok
list_per_page_15,symfony,16,200,3.924,0,4748,1,ok
list_per_page_15,symfony,17,200,4.144,0,4748,1,ok
list_per_page_15,symfony,18,200,3.965,0,4748,1,ok
list_per_page_15,symfony,19,200,3.871,0,4748,1,ok
list_per_page_15,symfony,20,200,3.997,0,4748,1,ok
list_per_page_15,symfony,21,200,10.456,0,4748,1,ok
list_per_page_15,symfony,22,200,4.007,0,4748,1,ok
list_per_page_15,symfony,23,200,3.879,0,4748,1,ok
list_per_page_15,symfony,24,200,3.933,0,4748,1,ok
list_per_page_15,symfony,25,200,3.961,0,4748,1,ok
list_per_page_15,symfony,26,200,3.875,0,4748,1,ok
list_per_page_15,symfony,27,200,3.934,0,4748,1,ok
list_per_page_15,symfony,28,200,4.015,0,4748,1,ok
list_per_page_15,symfony,29,200,10.276,0,4748,1,ok
list_per_page_15,symfony,30,200,4.16,0,4748,1,ok
list_per_page_100,laravel,1,200,6.591,0,26730,1,ok
list_per_page_100,laravel,2,200,6.798,0,26730,1,ok
list_per_page_100,laravel,3,200,6.553,0,26730,1,ok
list_per_page_100,laravel,4,200,6.535,0,26730,1,ok
list_per_page_100,laravel,5,200,7.399,0,26730,1,ok
list_per_page_100,laravel,6,200,6.47,0,26730,1,ok
list_per_page_100,laravel,7,200,6.593,0,26730,1,ok
list_per_page_100,laravel,8,200,7.061,0,26730,1,ok
list_per_page_100,laravel,9,200,6.56,0,26730,1,ok
list_per_page_100,laravel,10,200,6.945,0,26730,1,ok
list_per_page_100,laravel,11,200,6.671,0,26730,1,ok
list_per_page_100,laravel,12,200,6.647,0,26730,1,ok
list_per_page_100,laravel,13,200,7.303,0,26730,1,ok
list_per_page_100,laravel,14,200,7.435,0,26730,1,ok
list_per_page_100,laravel,15,200,6.61,0,26730,1,ok
list_per_page_100,laravel,16,200,6.752,0,26730,1,ok
list_per_page_100,laravel,17,200,6.593,0,26730,1,ok
list_per_page_100,laravel,18,200,6.646,0,26730,1,ok
list_per_page_100,laravel,19,200,9.578,0,26730,1,ok
list_per_page_100,laravel,20,200,6.633,0,26730,1,ok
list_per_page_100,laravel,21,200,6.779,0,26730,1,ok
list_per_page_100,laravel,22,200,7.108,0,26730,1,ok
list_per_page_100,laravel,23,200,7.236,0,26730,1,ok
list_per_page_100,laravel,24,200,6.8,0,26730,1,ok
list_per_page_100,laravel,25,200,6.73,0,26730,1,ok
list_per_page_100,laravel,26,200,6.615,0,26730,1,ok
list_per_page_100,laravel,27,200,8.958,0,26730,1,ok
list_per_page_100,laravel,28,200,6.607,0,26730,1,ok
list_per_page_100,laravel,29,200,6.613,0,26730,1,ok
list_per_page_100,laravel,30,200,6.812,0,26730,1,ok
list_per_page_100,symfony,1,200,4.364,0,25671,1,ok
list_per_page_100,symfony,2,200,4.028,0,25671,1,ok
list_per_page_100,symfony,3,200,3.893,0,25671,1,ok
list_per_page_100,symfony,4,200,10.451,0,25671,1,ok
list_per_page_100,symfony,5,200,4.053,0,25671,1,ok
list_per_page_100,symfony,6,200,3.938,0,25671,1,ok
list_per_page_100,symfony,7,200,4.054,0,25671,1,ok
list_per_page_100,symfony,8,200,3.997,0,25671,1,ok
list_per_page_100,symfony,9,200,3.979,0,25671,1,ok
list_per_page_100,symfony,10,200,4.012,0,25671,1,ok
list_per_page_100,symfony,11,200,4.1,0,25671,1,ok
list_per_page_100,symfony,12,200,10.222,0,25671,1,ok
list_per_page_100,symfony,13,200,3.973,0,25671,1,ok
list_per_page_100,symfony,14,200,4.062,0,25671,1,ok
list_per_page_100,symfony,15,200,5.364,0,25671,1,ok
list_per_page_100,symfony,16,200,3.921,0,25671,1,ok
list_per_page_100,symfony,17,200,4.066,0,25671,1,ok
list_per_page_100,symfony,18,200,4.087,0,25671,1,ok
list_per_page_100,symfony,19,200,4.017,0,25671,1,ok
list_per_page_100,symfony,20,200,10.55,0,25671,1,ok
list_per_page_100,symfony,21,200,4.27,0,25671,1,ok
list_per_page_100,symfony,22,200,4.086,0,25671,1,ok
list_per_page_100,symfony,23,200,4.126,0,25671,1,ok
list_per_page_100,symfony,24,200,4.049,0,25671,1,ok
list_per_page_100,symfony,25,200,4.015,0,25671,1,ok
list_per_page_100,symfony,26,200,3.958,0,25671,1,ok
list_per_page_100,symfony,27,200,3.937,0,25671,1,ok
list_per_page_100,symfony,28,200,10.285,0,25671,1,ok
list_per_page_100,symfony,29,200,4.109,0,25671,1,ok
list_per_page_100,symfony,30,200,3.895,0,25671,1,ok
single_task,laravel,1,200,4.226,0,251,1,ok
single_task,laravel,2,200,4.276,0,251,1,ok
single_task,laravel,3,200,4.215,0,251,1,ok
single_task,laravel,4,200,4.406,0,251,1,ok
single_task,laravel,5,200,4.293,0,251,1,ok
single_task,laravel,6,200,4.236,0,251,1,ok
single_task,laravel,7,200,4.206,0,251,1,ok
single_task,laravel,8,200,4.274,0,251,1,ok
single_task,laravel,9,200,4.206,0,251,1,ok
single_task,laravel,10,200,4.262,0,251,1,ok
single_task,laravel,11,200,4.335,0,251,1,ok
single_task,laravel,12,200,4.393,0,251,1,ok
single_task,laravel,13,200,4.571,0,251,1,ok
single_task,laravel,14,200,4.35,0,251,1,ok
single_task,laravel,15,200,4.232,0,251,1,ok
single_task,laravel,16,200,4.787,0,251,1,ok
single_task,laravel,17,200,4.297,0,251,1,ok
single_task,laravel,18,200,7.169,0,251,1,ok
single_task,laravel,19,200,4.272,0,251,1,ok
single_task,laravel,20,200,4.214,0,251,1,ok
single_task,laravel,21,200,4.723,0,251,1,ok
single_task,laravel,22,200,4.25,0,251,1,ok
single_task,laravel,23,200,4.365,0,251,1,ok
single_task,laravel,24,200,4.255,0,251,1,ok
single_task,laravel,25,200,4.181,0,251,1,ok
single_task,laravel,26,200,4.347,0,251,1,ok
single_task,laravel,27,200,4.675,0,251,1,ok
single_task,laravel,28,200,4.282,0,251,1,ok
single_task,laravel,29,200,5.076,0,251,1,ok
single_task,laravel,30,200,4.398,0,251,1,ok
single_task,symfony,1,200,3.745,0,251,1,ok
single_task,symfony,2,200,3.966,0,251,1,ok
single_task,symfony,3,200,3.85,0,251,1,ok
single_task,symfony,4,200,6.74,0,251,1,ok
single_task,symfony,5,200,3.863,0,251,1,ok
single_task,symfony,6,200,3.857,0,251,1,ok
single_task,symfony,7,200,3.785,0,251,1,ok
single_task,symfony,8,200,3.882,0,251,1,ok
single_task,symfony,9,200,4.09,0,251,1,ok
single_task,symfony,10,200,3.819,0,251,1,ok
single_task,symfony,11,200,3.748,0,251,1,ok
single_task,symfony,12,200,10.932,0,251,1,ok
single_task,symfony,13,200,3.828,0,251,1,ok
single_task,symfony,14,200,5.429,0,251,1,ok
single_task,symfony,15,200,3.91,0,251,1,ok
single_task,symfony,16,200,3.921,0,251,1,ok
single_task,symfony,17,200,3.853,0,251,1,ok
single_task,symfony,18,200,3.861,0,251,1,ok
single_task,symfony,19,200,3.729,0,251,1,ok
single_task,symfony,20,200,8.97,0,251,1,ok
single_task,symfony,21,200,3.807,0,251,1,ok
single_task,symfony,22,200,3.731,0,251,1,ok
single_task,symfony,23,200,3.764,0,251,1,ok
single_task,symfony,24,200,3.787,0,251,1,ok
single_task,symfony,25,200,4.288,0,251,1,ok
single_task,symfony,26,200,3.818,0,251,1,ok
single_task,symfony,27,200,3.875,0,251,1,ok
single_task,symfony,28,200,10.295,0,251,1,ok
single_task,symfony,29,200,3.82,0,251,1,ok
single_task,symfony,30,200,3.775,0,251,1,ok
list_with_project,laravel,1,200,5.403,0,9250,1,ok
list_with_project,laravel,2,200,5.327,0,9250,1,ok
list_with_project,laravel,3,200,5.25,0,9250,1,ok
list_with_project,laravel,4,200,5.537,0,9250,1,ok
list_with_project,laravel,5,200,26.225,0,9250,1,ok
list_with_project,laravel,6,200,5.251,0,9250,1,ok
list_with_project,laravel,7,200,5.137,0,9250,1,ok
list_with_project,laravel,8,200,5.326,0,9250,1,ok
list_with_project,laravel,9,200,5.382,0,9250,1,ok
list_with_project,laravel,10,200,5.336,0,9250,1,ok
list_with_project,laravel,11,200,6.26,0,9250,1,ok
list_with_project,laravel,12,200,5.786,0,9250,1,ok
list_with_project,laravel,13,200,5.392,0,9250,1,ok
list_with_project,laravel,14,200,5.311,0,9250,1,ok
list_with_project,laravel,15,200,5.453,0,9250,1,ok
list_with_project,laravel,16,200,5.328,0,9250,1,ok
list_with_project,laravel,17,200,10.073,0,9250,1,ok
list_with_project,laravel,18,200,5.27,0,9250,1,ok
list_with_project,laravel,19,200,5.313,0,9250,1,ok
list_with_project,laravel,20,200,5.74,0,9250,1,ok
list_with_project,laravel,21,200,5.353,0,9250,1,ok
list_with_project,laravel,22,200,5.181,0,9250,1,ok
list_with_project,laravel,23,200,5.328,0,9250,1,ok
list_with_project,laravel,24,200,5.754,0,9250,1,ok
list_with_project,laravel,25,200,5.8,0,9250,1,ok
list_with_project,laravel,26,200,5.397,0,9250,1,ok
list_with_project,laravel,27,200,5.174,0,9250,1,ok
list_with_project,laravel,28,200,5.511,0,9250,1,ok
list_with_project,laravel,29,200,5.338,0,9250,1,ok
list_with_project,laravel,30,200,5.43,0,9250,1,ok
list_with_project,symfony,1,200,4.002,0,10322,1,ok
list_with_project,symfony,2,200,3.961,0,10322,1,ok
list_with_project,symfony,3,200,3.96,0,10322,1,ok
list_with_project,symfony,4,200,10.143,0,10322,1,ok
list_with_project,symfony,5,200,3.949,0,10322,1,ok
list_with_project,symfony,6,200,3.984,0,10322,1,ok
list_with_project,symfony,7,200,3.88,0,10322,1,ok
list_with_project,symfony,8,200,4.008,0,10322,1,ok
list_with_project,symfony,9,200,3.92,0,10322,1,ok
list_with_project,symfony,10,200,7.619,0,10322,1,ok
list_with_project,symfony,11,200,3.975,0,10322,1,ok
list_with_project,symfony,12,200,10.38,0,10322,1,ok
list_with_project,symfony,13,200,5.382,0,10322,1,ok
list_with_project,symfony,14,200,3.886,0,10322,1,ok
list_with_project,symfony,15,200,4.237,0,10322,1,ok
list_with_project,symfony,16,200,3.992,0,10322,1,ok
list_with_project,symfony,17,200,3.99,0,10322,1,ok
list_with_project,symfony,18,200,3.943,0,10322,1,ok
list_with_project,symfony,19,200,4.046,0,10322,1,ok
list_with_project,symfony,20,200,7.68,0,10322,1,ok
list_with_project,symfony,21,200,4.165,0,10322,1,ok
list_with_project,symfony,22,200,4.006,0,10322,1,ok
list_with_project,symfony,23,200,4.013,0,10322,1,ok
list_with_project,symfony,24,200,3.982,0,10322,1,ok
list_with_project,symfony,25,200,4.053,0,10322,1,ok
list_with_project,symfony,26,200,4.05,0,10322,1,ok
list_with_project,symfony,27,200,3.988,0,10322,1,ok
list_with_project,symfony,28,200,10.621,0,10322,1,ok
list_with_project,symfony,29,200,3.931,0,10322,1,ok
list_with_project,symfony,30,200,4.151,0,10322,1,ok
list_with_comments,laravel,1,200,6.344,0,16922,1,ok
list_with_comments,laravel,2,200,6.565,0,16922,1,ok
list_with_comments,laravel,3,200,6.39,0,16922,1,ok
list_with_comments,laravel,4,200,6.592,0,16922,1,ok
list_with_comments,laravel,5,200,6.126,0,16922,1,ok
list_with_comments,laravel,6,200,6.014,0,16922,1,ok
list_with_comments,laravel,7,200,6.13,0,16922,1,ok
list_with_comments,laravel,8,200,6.127,0,16922,1,ok
list_with_comments,laravel,9,200,6.101,0,16922,1,ok
list_with_comments,laravel,10,200,6.008,0,16922,1,ok
list_with_comments,laravel,11,200,6.201,0,16922,1,ok
list_with_comments,laravel,12,200,6.527,0,16922,1,ok
list_with_comments,laravel,13,200,6.603,0,16922,1,ok
list_with_comments,laravel,14,200,6.06,0,16922,1,ok
list_with_comments,laravel,15,200,6.006,0,16922,1,ok
list_with_comments,laravel,16,200,10.827,0,16922,1,ok
list_with_comments,laravel,17,200,6.226,0,16922,1,ok
list_with_comments,laravel,18,200,6.754,0,16922,1,ok
list_with_comments,laravel,19,200,6.269,0,16922,1,ok
list_with_comments,laravel,20,200,6.587,0,16922,1,ok
list_with_comments,laravel,21,200,6.03,0,16922,1,ok
list_with_comments,laravel,22,200,6.135,0,16922,1,ok
list_with_comments,laravel,23,200,6.136,0,16922,1,ok
list_with_comments,laravel,24,200,6.075,0,16922,1,ok
list_with_comments,laravel,25,200,6.001,0,16922,1,ok
list_with_comments,laravel,26,200,6.158,0,16922,1,ok
list_with_comments,laravel,27,200,6.176,0,16922,1,ok
list_with_comments,laravel,28,200,6.614,0,16922,1,ok
list_with_comments,laravel,29,200,6.145,0,16922,1,ok
list_with_comments,laravel,30,200,6.14,0,16922,1,ok
list_with_comments,symfony,1,200,3.981,0,15796,1,ok
list_with_comments,symfony,2,200,4.074,0,15796,1,ok
list_with_comments,symfony,3,200,3.883,0,15796,1,ok
list_with_comments,symfony,4,200,10.4,0,15796,1,ok
list_with_comments,symfony,5,200,5.554,0,15796,1,ok
list_with_comments,symfony,6,200,3.947,0,15796,1,ok
list_with_comments,symfony,7,200,3.896,0,15796,1,ok
list_with_comments,symfony,8,200,3.985,0,15796,1,ok
list_with_comments,symfony,9,200,4.303,0,15796,1,ok
list_with_comments,symfony,10,200,3.883,0,15796,1,ok
list_with_comments,symfony,11,200,4.053,0,15796,1,ok
list_with_comments,symfony,12,200,10.272,0,15796,1,ok
list_with_comments,symfony,13,200,3.808,0,15796,1,ok
list_with_comments,symfony,14,200,4.301,0,15796,1,ok
list_with_comments,symfony,15,200,3.967,0,15796,1,ok
list_with_comments,symfony,16,200,4.015,0,15796,1,ok
list_with_comments,symfony,17,200,3.953,0,15796,1,ok
list_with_comments,symfony,18,200,4.034,0,15796,1,ok
list_with_comments,symfony,19,200,5.271,0,15796,1,ok
list_with_comments,symfony,20,200,10.35,0,15796,1,ok
list_with_comments,symfony,21,200,4.079,0,15796,1,ok
list_with_comments,symfony,22,200,4.058,0,15796,1,ok
list_with_comments,symfony,23,200,4.007,0,15796,1,ok
list_with_comments,symfony,24,200,3.941,0,15796,1,ok
list_with_comments,symfony,25,200,4.016,0,15796,1,ok
list_with_comments,symfony,26,200,4.112,0,15796,1,ok
list_with_comments,symfony,27,200,4.073,0,15796,1,ok
list_with_comments,symfony,28,200,10.38,0,15796,1,ok
list_with_comments,symfony,29,200,3.991,0,15796,1,ok
list_with_comments,symfony,30,200,4.126,0,15796,1,ok
list_with_tags,laravel,1,200,5.602,0,9997,1,ok
list_with_tags,laravel,2,200,5.589,0,9997,1,ok
list_with_tags,laravel,3,200,5.614,0,9997,1,ok
list_with_tags,laravel,4,200,5.973,0,9997,1,ok
list_with_tags,laravel,5,200,5.535,0,9997,1,ok
list_with_tags,laravel,6,200,6.379,0,9997,1,ok
list_with_tags,laravel,7,200,5.832,0,9997,1,ok
list_with_tags,laravel,8,200,5.566,0,9997,1,ok
list_with_tags,laravel,9,200,5.544,0,9997,1,ok
list_with_tags,laravel,10,200,5.488,0,9997,1,ok
list_with_tags,laravel,11,200,5.958,0,9997,1,ok
list_with_tags,laravel,12,200,6.069,0,9997,1,ok
list_with_tags,laravel,13,200,5.586,0,9997,1,ok
list_with_tags,laravel,14,200,10.258,0,9997,1,ok
list_with_tags,laravel,15,200,5.549,0,9997,1,ok
list_with_tags,laravel,16,200,5.473,0,9997,1,ok
list_with_tags,laravel,17,200,5.59,0,9997,1,ok
list_with_tags,laravel,18,200,5.682,0,9997,1,ok
list_with_tags,laravel,19,200,5.508,0,9997,1,ok
list_with_tags,laravel,20,200,5.804,0,9997,1,ok
list_with_tags,laravel,21,200,5.629,0,9997,1,ok
list_with_tags,laravel,22,200,5.73,0,9997,1,ok
list_with_tags,laravel,23,200,5.563,0,9997,1,ok
list_with_tags,laravel,24,200,5.634,0,9997,1,ok
list_with_tags,laravel,25,200,5.707,0,9997,1,ok
list_with_tags,laravel,26,200,5.593,0,9997,1,ok
list_with_tags,laravel,27,200,6.068,0,9997,1,ok
list_with_tags,laravel,28,200,6.037,0,9997,1,ok
list_with_tags,laravel,29,200,5.378,0,9997,1,ok
list_with_tags,laravel,30,200,5.551,0,9997,1,ok
list_with_tags,symfony,1,200,4.086,0,8903,1,ok
list_with_tags,symfony,2,200,3.977,0,8903,1,ok
list_with_tags,symfony,3,200,3.917,0,8903,1,ok
list_with_tags,symfony,4,200,10.313,0,8903,1,ok
list_with_tags,symfony,5,200,3.963,0,8903,1,ok
list_with_tags,symfony,6,200,3.893,0,8903,1,ok
list_with_tags,symfony,7,200,4.419,0,8903,1,ok
list_with_tags,symfony,8,200,12.894,0,8903,1,ok
list_with_tags,symfony,9,200,3.861,0,8903,1,ok
list_with_tags,symfony,10,200,3.949,0,8903,1,ok
list_with_tags,symfony,11,200,3.876,0,8903,1,ok
list_with_tags,symfony,12,200,10.358,0,8903,1,ok
list_with_tags,symfony,13,200,3.797,0,8903,1,ok
list_with_tags,symfony,14,200,3.998,0,8903,1,ok
list_with_tags,symfony,15,200,4.004,0,8903,1,ok
list_with_tags,symfony,16,200,3.915,0,8903,1,ok
list_with_tags,symfony,17,200,4.871,0,8903,1,ok
list_with_tags,symfony,18,200,4.001,0,8903,1,ok
list_with_tags,symfony,19,200,3.868,0,8903,1,ok
list_with_tags,symfony,20,200,7.989,0,8903,1,ok
list_with_tags,symfony,21,200,4.12,0,8903,1,ok
list_with_tags,symfony,22,200,3.908,0,8903,1,ok
list_with_tags,symfony,23,200,3.866,0,8903,1,ok
list_with_tags,symfony,24,200,3.943,0,8903,1,ok
list_with_tags,symfony,25,200,3.915,0,8903,1,ok
list_with_tags,symfony,26,200,3.806,0,8903,1,ok
list_with_tags,symfony,27,200,3.98,0,8903,1,ok
list_with_tags,symfony,28,200,7.602,0,8903,1,ok
list_with_tags,symfony,29,200,3.821,0,8903,1,ok
list_with_tags,symfony,30,200,4.089,0,8903,1,ok
list_with_all,laravel,1,200,7.007,0,24469,1,ok
list_with_all,laravel,2,200,6.819,0,24469,1,ok
list_with_all,laravel,3,200,6.931,0,24469,1,ok
list_with_all,laravel,4,200,8.055,0,24469,1,ok
list_with_all,laravel,5,200,6.907,0,24469,1,ok
list_with_all,laravel,6,200,7.144,0,24469,1,ok
list_with_all,laravel,7,200,6.905,0,24469,1,ok
list_with_all,laravel,8,200,6.891,0,24469,1,ok
list_with_all,laravel,9,200,7.001,0,24469,1,ok
list_with_all,laravel,10,200,6.95,0,24469,1,ok
list_with_all,laravel,11,200,7.079,0,24469,1,ok
list_with_all,laravel,12,200,10.014,0,24469,1,ok
list_with_all,laravel,13,200,6.935,0,24469,1,ok
list_with_all,laravel,14,200,6.999,0,24469,1,ok
list_with_all,laravel,15,200,7.036,0,24469,1,ok
list_with_all,laravel,16,200,7.018,0,24469,1,ok
list_with_all,laravel,17,200,7.047,0,24469,1,ok
list_with_all,laravel,18,200,6.999,0,24469,1,ok
list_with_all,laravel,19,200,6.952,0,24469,1,ok
list_with_all,laravel,20,200,7.459,0,24469,1,ok
list_with_all,laravel,21,200,6.966,0,24469,1,ok
list_with_all,laravel,22,200,7.09,0,24469,1,ok
list_with_all,laravel,23,200,6.988,0,24469,1,ok
list_with_all,laravel,24,200,7.078,0,24469,1,ok
list_with_all,laravel,25,200,6.991,0,24469,1,ok
list_with_all,laravel,26,200,7.01,0,24469,1,ok
list_with_all,laravel,27,200,6.834,0,24469,1,ok
list_with_all,laravel,28,200,7.514,0,24469,1,ok
list_with_all,laravel,29,200,6.905,0,24469,1,ok
list_with_all,laravel,30,200,6.939,0,24469,1,ok
list_with_all,symfony,1,200,4.457,0,25397,1,ok
list_with_all,symfony,2,200,4.023,0,25397,1,ok
list_with_all,symfony,3,200,4.342,0,25397,1,ok
list_with_all,symfony,4,200,7.913,0,25397,1,ok
list_with_all,symfony,5,200,3.849,0,25397,1,ok
list_with_all,symfony,6,200,4.018,0,25397,1,ok
list_with_all,symfony,7,200,3.919,0,25397,1,ok
list_with_all,symfony,8,200,4.575,0,25397,1,ok
list_with_all,symfony,9,200,4.058,0,25397,1,ok
list_with_all,symfony,10,200,4.08,0,25397,1,ok
list_with_all,symfony,11,200,4.111,0,25397,1,ok
list_with_all,symfony,12,200,10.476,0,25397,1,ok
list_with_all,symfony,13,200,4.19,0,25397,1,ok
list_with_all,symfony,14,200,4.087,0,25397,1,ok
list_with_all,symfony,15,200,4.121,0,25397,1,ok
list_with_all,symfony,16,200,5.497,0,25397,1,ok
list_with_all,symfony,17,200,4.013,0,25397,1,ok
list_with_all,symfony,18,200,4.026,0,25397,1,ok
list_with_all,symfony,19,200,4.049,0,25397,1,ok
list_with_all,symfony,20,200,10.435,0,25397,1,ok
list_with_all,symfony,21,200,3.98,0,25397,1,ok
list_with_all,symfony,22,200,3.98,0,25397,1,ok
list_with_all,symfony,23,200,4.125,0,25397,1,ok
list_with_all,symfony,24,200,3.993,0,25397,1,ok
list_with_all,symfony,25,200,3.978,0,25397,1,ok
list_with_all,symfony,26,200,4.008,0,25397,1,ok
list_with_all,symfony,27,200,4.086,0,25397,1,ok
list_with_all,symfony,28,200,11.656,0,25397,1,ok
list_with_all,symfony,29,200,3.907,0,25397,1,ok
list_with_all,symfony,30,200,4.046,0,25397,1,ok
create_task,laravel,1,201,4.568,0,514,1,ok
create_task,laravel,2,201,4.962,0,514,1,ok
create_task,laravel,3,201,4.678,0,514,1,ok
create_task,laravel,4,201,4.614,0,514,1,ok
create_task,laravel,5,201,4.603,0,514,1,ok
create_task,laravel,6,201,4.584,0,514,1,ok
create_task,laravel,7,201,4.641,0,514,1,ok
create_task,laravel,8,201,4.624,0,514,1,ok
create_task,laravel,9,201,4.878,0,514,1,ok
create_task,laravel,10,201,4.624,0,514,1,ok
create_task,laravel,11,201,4.996,0,514,1,ok
create_task,laravel,12,201,4.606,0,514,1,ok
create_task,laravel,13,201,4.575,0,514,1,ok
create_task,laravel,14,201,9.453,0,514,1,ok
create_task,laravel,15,201,4.59,0,514,1,ok
create_task,laravel,16,201,4.837,0,514,1,ok
create_task,laravel,17,201,4.691,0,514,1,ok
create_task,laravel,18,201,4.657,0,514,1,ok
create_task,laravel,19,201,4.537,0,514,1,ok
create_task,laravel,20,201,4.595,0,514,1,ok
create_task,laravel,21,201,4.543,0,514,1,ok
create_task,laravel,22,201,4.554,0,514,1,ok
create_task,laravel,23,201,4.961,0,514,1,ok
create_task,laravel,24,201,4.518,0,514,1,ok
create_task,laravel,25,201,4.522,0,514,1,ok
create_task,laravel,26,201,4.605,0,514,1,ok
create_task,laravel,27,201,4.633,0,514,1,ok
create_task,laravel,28,201,4.917,0,514,1,ok
create_task,laravel,29,201,4.686,0,514,1,ok
create_task,laravel,30,201,5.024,0,514,1,ok
create_task,symfony,1,201,10.205,0,514,1,ok
create_task,symfony,2,201,22.694,0,514,1,ok
create_task,symfony,3,201,10.043,0,514,1,ok
create_task,symfony,4,201,9.83,0,514,1,ok
create_task,symfony,5,201,10.077,0,514,1,ok
create_task,symfony,6,201,10.295,0,514,1,ok
create_task,symfony,7,201,10.011,0,514,1,ok
create_task,symfony,8,201,24.553,0,514,1,ok
create_task,symfony,9,201,10.323,0,514,1,ok
create_task,symfony,10,201,10.802,0,514,1,ok
create_task,symfony,11,201,10.043,0,514,1,ok
create_task,symfony,12,201,10.075,0,514,1,ok
create_task,symfony,13,201,9.916,0,514,1,ok
create_task,symfony,14,201,23.624,0,514,1,ok
create_task,symfony,15,201,9.972,0,514,1,ok
create_task,symfony,16,201,9.702,0,514,1,ok
create_task,symfony,17,201,10.858,0,514,1,ok
create_task,symfony,18,201,10.006,0,514,1,ok
create_task,symfony,19,201,9.985,0,514,1,ok
create_task,symfony,20,201,23.08,0,514,1,ok
create_task,symfony,21,201,9.91,0,514,1,ok
create_task,symfony,22,201,10.182,0,514,1,ok
create_task,symfony,23,201,10,0,514,1,ok
create_task,symfony,24,201,9.919,0,514,1,ok
create_task,symfony,25,201,10,0,514,1,ok
create_task,symfony,26,201,23.954,0,514,1,ok
create_task,symfony,27,201,9.938,0,514,1,ok
create_task,symfony,28,201,10.059,0,514,1,ok
create_task,symfony,29,201,10.095,0,514,1,ok
create_task,symfony,30,201,10.049,0,514,1,ok
update_task,laravel,1,200,4.691,0,500,1,ok
update_task,laravel,2,200,4.661,0,500,1,ok
update_task,laravel,3,200,4.606,0,500,1,ok
update_task,laravel,4,200,4.953,0,500,1,ok
update_task,laravel,5,200,4.561,0,500,1,ok
update_task,laravel,6,200,4.628,0,500,1,ok
update_task,laravel,7,200,4.735,0,500,1,ok
update_task,laravel,8,200,4.609,0,500,1,ok
update_task,laravel,9,200,4.819,0,500,1,ok
update_task,laravel,10,200,5.554,0,500,1,ok
update_task,laravel,11,200,4.623,0,500,1,ok
update_task,laravel,12,200,8.319,0,500,1,ok
update_task,laravel,13,200,4.627,0,500,1,ok
update_task,laravel,14,200,4.562,0,500,1,ok
update_task,laravel,15,200,4.661,0,500,1,ok
update_task,laravel,16,200,4.633,0,500,1,ok
update_task,laravel,17,200,4.593,0,500,1,ok
update_task,laravel,18,200,4.626,0,500,1,ok
update_task,laravel,19,200,9.453,0,500,1,ok
update_task,laravel,20,200,4.773,0,500,1,ok
update_task,laravel,21,200,4.623,0,500,1,ok
update_task,laravel,22,200,4.728,0,500,1,ok
update_task,laravel,23,200,4.554,0,500,1,ok
update_task,laravel,24,200,4.86,0,500,1,ok
update_task,laravel,25,200,5.293,0,500,1,ok
update_task,laravel,26,200,4.663,0,500,1,ok
update_task,laravel,27,200,4.668,0,500,1,ok
update_task,laravel,28,200,4.983,0,500,1,ok
update_task,laravel,29,200,4.584,0,500,1,ok
update_task,laravel,30,200,5.387,0,500,1,ok
update_task,symfony,1,200,10.441,0,500,1,ok
update_task,symfony,2,200,9.375,0,500,1,ok
update_task,symfony,3,200,10.029,0,500,1,ok
update_task,symfony,4,200,23.219,0,500,1,ok
update_task,symfony,5,200,10.976,0,500,1,ok
update_task,symfony,6,200,9.957,0,500,1,ok
update_task,symfony,7,200,9.854,0,500,1,ok
update_task,symfony,8,200,10.112,0,500,1,ok
update_task,symfony,9,200,10.279,0,500,1,ok
update_task,symfony,10,200,10.035,0,500,1,ok
update_task,symfony,11,200,10.113,0,500,1,ok
update_task,symfony,12,200,23.355,0,500,1,ok
update_task,symfony,13,200,12.171,0,500,1,ok
update_task,symfony,14,200,9.966,0,500,1,ok
update_task,symfony,15,200,9.936,0,500,1,ok
update_task,symfony,16,200,10.342,0,500,1,ok
update_task,symfony,17,200,10.078,0,500,1,ok
update_task,symfony,18,200,9.85,0,500,1,ok
update_task,symfony,19,200,9.942,0,500,1,ok
update_task,symfony,20,200,23.912,0,500,1,ok
update_task,symfony,21,200,9.898,0,500,1,ok
update_task,symfony,22,200,9.993,0,500,1,ok
update_task,symfony,23,200,9.996,0,500,1,ok
update_task,symfony,24,200,10.739,0,500,1,ok
update_task,symfony,25,200,10.014,0,500,1,ok
update_task,symfony,26,200,10.549,0,500,1,ok
update_task,symfony,27,200,10,0,500,1,ok
update_task,symfony,28,200,23.168,0,500,1,ok
update_task,symfony,29,200,10.077,0,500,1,ok
update_task,symfony,30,200,10.157,0,500,1,ok
delete_task,laravel,1,204,0.423,0,0,1,ok
delete_task,laravel,2,204,0.433,0,0,1,ok
delete_task,laravel,3,204,0.351,0,0,1,ok
delete_task,laravel,4,204,0.345,0,0,1,ok
delete_task,laravel,5,204,0.361,0,0,1,ok
delete_task,laravel,6,204,0.294,0,0,1,ok
delete_task,laravel,7,204,0.357,0,0,1,ok
delete_task,laravel,8,204,0.485,0,0,1,ok
delete_task,laravel,9,204,0.284,0,0,1,ok
delete_task,laravel,10,204,0.379,0,0,1,ok
delete_task,laravel,11,204,0.284,0,0,1,ok
delete_task,laravel,12,204,0.303,0,0,1,ok
delete_task,laravel,13,204,0.385,0,0,1,ok
delete_task,laravel,14,204,0.279,0,0,1,ok
delete_task,laravel,15,204,0.353,0,0,1,ok
delete_task,laravel,16,204,0.367,0,0,1,ok
delete_task,laravel,17,204,0.334,0,0,1,ok
delete_task,laravel,18,204,0.363,0,0,1,ok
delete_task,laravel,19,204,0.347,0,0,1,ok
delete_task,laravel,20,204,0.483,0,0,1,ok
delete_task,laravel,21,204,0.351,0,0,1,ok
delete_task,laravel,22,204,0.367,0,0,1,ok
delete_task,laravel,23,204,0.288,0,0,1,ok
delete_task,laravel,24,204,2.065,0,0,1,ok
delete_task,laravel,25,204,0.369,0,0,1,ok
delete_task,laravel,26,204,0.302,0,0,1,ok
delete_task,laravel,27,204,0.375,0,0,1,ok
delete_task,laravel,28,204,0.386,0,0,1,ok
delete_task,laravel,29,204,0.335,0,0,1,ok
delete_task,laravel,30,204,0.364,0,0,1,ok
delete_task,symfony,1,204,1.059,0,0,1,ok
delete_task,symfony,2,204,1.09,0,0,1,ok
delete_task,symfony,3,204,1.043,0,0,1,ok
delete_task,symfony,4,204,1.102,0,0,1,ok
delete_task,symfony,5,204,1.099,0,0,1,ok
delete_task,symfony,6,204,1.032,0,0,1,ok
delete_task,symfony,7,204,2.67,0,0,1,ok
delete_task,symfony,8,204,1.023,0,0,1,ok
delete_task,symfony,9,204,1.039,0,0,1,ok
delete_task,symfony,10,204,1.311,0,0,1,ok
delete_task,symfony,11,204,1.021,0,0,1,ok
delete_task,symfony,12,204,1.09,0,0,1,ok
delete_task,symfony,13,204,1.04,0,0,1,ok
delete_task,symfony,14,204,1.041,0,0,1,ok
delete_task,symfony,15,204,1.051,0,0,1,ok
delete_task,symfony,16,204,0.987,0,0,1,ok
delete_task,symfony,17,204,0.973,0,0,1,ok
delete_task,symfony,18,204,3.917,0,0,1,ok
delete_task,symfony,19,204,2.754,0,0,1,ok
delete_task,symfony,20,204,0.934,0,0,1,ok
delete_task,symfony,21,204,1.035,0,0,1,ok
delete_task,symfony,22,204,1.01,0,0,1,ok
delete_task,symfony,23,204,1.107,0,0,1,ok
delete_task,symfony,24,204,1.064,0,0,1,ok
delete_task,symfony,25,204,1.125,0,0,1,ok
delete_task,symfony,26,204,0.97,0,0,1,ok
delete_task,symfony,27,204,1.022,0,0,1,ok
delete_task,symfony,28,204,1.068,0,0,1,ok
delete_task,symfony,29,204,4.085,0,0,1,ok
delete_task,symfony,30,204,1.028,0,0,1,ok
