scenario,framework,iteration,status,response_time_ms,query_count,response_size_bytes,valid
list_per_page_15,laravel,1,200,3.903,2,4965,1
list_per_page_15,laravel,2,200,4.471,2,4965,1
list_per_page_15,laravel,3,200,3.743,2,4965,1
list_per_page_15,laravel,4,200,3.796,2,4965,1
list_per_page_15,laravel,5,200,3.61,2,4965,1
list_per_page_15,laravel,6,200,4.092,2,4965,1
list_per_page_15,laravel,7,200,4.387,2,4965,1
list_per_page_15,laravel,8,200,11.136,2,4965,1
list_per_page_15,laravel,9,200,3.426,2,4965,1
list_per_page_15,laravel,10,200,4.358,2,4965,1
list_per_page_15,laravel,11,200,3.55,2,4965,1
list_per_page_15,laravel,12,200,3.345,2,4965,1
list_per_page_15,laravel,13,200,4.066,2,4965,1
list_per_page_15,laravel,14,200,3.393,2,4965,1
list_per_page_15,laravel,15,200,3.565,2,4965,1
list_per_page_15,laravel,16,200,3.952,2,4965,1
list_per_page_15,laravel,17,200,3.95,2,4965,1
list_per_page_15,laravel,18,200,3.602,2,4965,1
list_per_page_15,laravel,19,200,4.014,2,4965,1
list_per_page_15,laravel,20,200,3.269,2,4965,1
list_per_page_15,laravel,21,200,3.344,2,4965,1
list_per_page_15,laravel,22,200,4.211,2,4965,1
list_per_page_15,laravel,23,200,3.536,2,4965,1
list_per_page_15,laravel,24,200,3.616,2,4965,1
list_per_page_15,laravel,25,200,3.326,2,4965,1
list_per_page_15,laravel,26,200,15.83,2,4965,1
list_per_page_15,laravel,27,200,3.41,2,4965,1
list_per_page_15,laravel,28,200,3.431,2,4965,1
list_per_page_15,laravel,29,200,3.521,2,4965,1
list_per_page_15,laravel,30,200,6.604,2,4965,1
list_per_page_15,symfony,1,200,10.17,3,4063,1
list_per_page_15,symfony,2,200,15.782,3,4063,1
list_per_page_15,symfony,3,200,28.53,3,4063,1
list_per_page_15,symfony,4,200,9.106,3,4063,1
list_per_page_15,symfony,5,200,10.399,3,4063,1
list_per_page_15,symfony,6,200,10.988,3,4063,1
list_per_page_15,symfony,7,200,10.805,3,4063,1
list_per_page_15,symfony,8,200,9.032,3,4063,1
list_per_page_15,symfony,9,200,8.234,3,4063,1
list_per_page_15,symfony,10,200,29.63,3,4063,1
list_per_page_15,symfony,11,200,9.79,3,4063,1
list_per_page_15,symfony,12,200,9.376,3,4063,1
list_per_page_15,symfony,13,200,8.364,3,4063,1
list_per_page_15,symfony,14,200,7.821,3,4063,1
list_per_page_15,symfony,15,200,10.724,3,4063,1
list_per_page_15,symfony,16,200,8.683,3,4063,1
list_per_page_15,symfony,17,200,8.757,3,4063,1
list_per_page_15,symfony,18,200,25.393,3,4063,1
list_per_page_15,symfony,19,200,8.29,3,4063,1
list_per_page_15,symfony,20,200,8.257,3,4063,1
list_per_page_15,symfony,21,200,7.867,3,4063,1
list_per_page_15,symfony,22,200,8.124,3,4063,1
list_per_page_15,symfony,23,200,8.132,3,4063,1
list_per_page_15,symfony,24,200,8.31,3,4063,1
list_per_page_15,symfony,25,200,7.921,3,4063,1
list_per_page_15,symfony,26,200,29.619,3,4063,1
list_per_page_15,symfony,27,200,8.3,3,4063,1
list_per_page_15,symfony,28,200,17.291,3,4063,1
list_per_page_15,symfony,29,200,9.469,3,4063,1
list_per_page_15,symfony,30,200,8.373,3,4063,1
list_per_page_100,laravel,1,200,5.773,2,22829,1
list_per_page_100,laravel,2,200,4.944,2,22829,1
list_per_page_100,laravel,3,200,4.878,2,22829,1
list_per_page_100,laravel,4,200,5.019,2,22829,1
list_per_page_100,laravel,5,200,5.64,2,22829,1
list_per_page_100,laravel,6,200,4.86,2,22829,1
list_per_page_100,laravel,7,200,4.988,2,22829,1
list_per_page_100,laravel,8,200,5.066,2,22829,1
list_per_page_100,laravel,9,200,4.937,2,22829,1
list_per_page_100,laravel,10,200,5.773,2,22829,1
list_per_page_100,laravel,11,200,5.307,2,22829,1
list_per_page_100,laravel,12,200,5.351,2,22829,1
list_per_page_100,laravel,13,200,4.9,2,22829,1
list_per_page_100,laravel,14,200,6.536,2,22829,1
list_per_page_100,laravel,15,200,63.672,2,22829,1
list_per_page_100,laravel,16,200,4.815,2,22829,1
list_per_page_100,laravel,17,200,8.695,2,22829,1
list_per_page_100,laravel,18,200,4.804,2,22829,1
list_per_page_100,laravel,19,200,4.835,2,22829,1
list_per_page_100,laravel,20,200,6.266,2,22829,1
list_per_page_100,laravel,21,200,7.171,2,22829,1
list_per_page_100,laravel,22,200,6.113,2,22829,1
list_per_page_100,laravel,23,200,5.366,2,22829,1
list_per_page_100,laravel,24,200,4.785,2,22829,1
list_per_page_100,laravel,25,200,6.563,2,22829,1
list_per_page_100,laravel,26,200,5.454,2,22829,1
list_per_page_100,laravel,27,200,5.22,2,22829,1
list_per_page_100,laravel,28,200,6.457,2,22829,1
list_per_page_100,laravel,29,200,5.105,2,22829,1
list_per_page_100,laravel,30,200,5.051,2,22829,1
list_per_page_100,symfony,1,200,9.721,3,21922,1
list_per_page_100,symfony,2,200,9.363,3,21922,1
list_per_page_100,symfony,3,200,9.16,3,21922,1
list_per_page_100,symfony,4,200,25.249,3,21922,1
list_per_page_100,symfony,5,200,10.118,3,21922,1
list_per_page_100,symfony,6,200,9.832,3,21922,1
list_per_page_100,symfony,7,200,8.983,3,21922,1
list_per_page_100,symfony,8,200,10.449,3,21922,1
list_per_page_100,symfony,9,200,9.097,3,21922,1
list_per_page_100,symfony,10,200,8.914,3,21922,1
list_per_page_100,symfony,11,200,9.263,3,21922,1
list_per_page_100,symfony,12,200,24.192,3,21922,1
list_per_page_100,symfony,13,200,8.927,3,21922,1
list_per_page_100,symfony,14,200,9.06,3,21922,1
list_per_page_100,symfony,15,200,9.192,3,21922,1
list_per_page_100,symfony,16,200,9.232,3,21922,1
list_per_page_100,symfony,17,200,9.249,3,21922,1
list_per_page_100,symfony,18,200,8.843,3,21922,1
list_per_page_100,symfony,19,200,9.284,3,21922,1
list_per_page_100,symfony,20,200,20.367,3,21922,1
list_per_page_100,symfony,21,200,9.351,3,21922,1
list_per_page_100,symfony,22,200,9.021,3,21922,1
list_per_page_100,symfony,23,200,9.369,3,21922,1
list_per_page_100,symfony,24,200,9.203,3,21922,1
list_per_page_100,symfony,25,200,9.175,3,21922,1
list_per_page_100,symfony,26,200,9.061,3,21922,1
list_per_page_100,symfony,27,200,12.67,3,21922,1
list_per_page_100,symfony,28,200,20.139,3,21922,1
list_per_page_100,symfony,29,200,11.168,3,21922,1
list_per_page_100,symfony,30,200,10.651,3,21922,1
single_task,laravel,1,200,2.007,1,212,1
single_task,laravel,2,200,1.741,1,212,1
single_task,laravel,3,200,1.62,1,212,1
single_task,laravel,4,200,2.748,1,212,1
single_task,laravel,5,200,1.946,1,212,1
single_task,laravel,6,200,1.847,1,212,1
single_task,laravel,7,200,1.822,1,212,1
single_task,laravel,8,200,1.877,1,212,1
single_task,laravel,9,200,2.167,1,212,1
single_task,laravel,10,200,1.786,1,212,1
single_task,laravel,11,200,1.833,1,212,1
single_task,laravel,12,200,2.042,1,212,1
single_task,laravel,13,200,6.456,1,212,1
single_task,laravel,14,200,1.808,1,212,1
single_task,laravel,15,200,2.075,1,212,1
single_task,laravel,16,200,1.814,1,212,1
single_task,laravel,17,200,1.733,1,212,1
single_task,laravel,18,200,1.814,1,212,1
single_task,laravel,19,200,1.939,1,212,1
single_task,laravel,20,200,1.977,1,212,1
single_task,laravel,21,200,1.805,1,212,1
single_task,laravel,22,200,1.777,1,212,1
single_task,laravel,23,200,1.822,1,212,1
single_task,laravel,24,200,2.187,1,212,1
single_task,laravel,25,200,2.674,1,212,1
single_task,laravel,26,200,1.735,1,212,1
single_task,laravel,27,200,1.92,1,212,1
single_task,laravel,28,200,1.974,1,212,1
single_task,laravel,29,200,2.009,1,212,1
single_task,laravel,30,200,1.745,1,212,1
single_task,symfony,1,200,4.527,1,212,1
single_task,symfony,2,200,4.457,1,212,1
single_task,symfony,3,200,4.372,1,212,1
single_task,symfony,4,200,16.236,1,212,1
single_task,symfony,5,200,4.635,1,212,1
single_task,symfony,6,200,4.35,1,212,1
single_task,symfony,7,200,4.415,1,212,1
single_task,symfony,8,200,4.51,1,212,1
single_task,symfony,9,200,4.565,1,212,1
single_task,symfony,10,200,4.473,1,212,1
single_task,symfony,11,200,4.523,1,212,1
single_task,symfony,12,200,16.151,1,212,1
single_task,symfony,13,200,4.33,1,212,1
single_task,symfony,14,200,4.401,1,212,1
single_task,symfony,15,200,4.426,1,212,1
single_task,symfony,16,200,6.891,1,212,1
single_task,symfony,17,200,4.326,1,212,1
single_task,symfony,18,200,4.3,1,212,1
single_task,symfony,19,200,4.429,1,212,1
single_task,symfony,20,200,16.588,1,212,1
single_task,symfony,21,200,5.347,1,212,1
single_task,symfony,22,200,4.663,1,212,1
single_task,symfony,23,200,4.548,1,212,1
single_task,symfony,24,200,4.624,1,212,1
single_task,symfony,25,200,4.427,1,212,1
single_task,symfony,26,200,4.42,1,212,1
single_task,symfony,27,200,4.648,1,212,1
single_task,symfony,28,200,11.507,1,212,1
single_task,symfony,29,200,4.391,1,212,1
single_task,symfony,30,200,11.16,1,212,1
list_with_project,laravel,1,200,4.738,3,9688,1
list_with_project,laravel,2,200,4.424,3,9688,1
list_with_project,laravel,3,200,5.619,3,9688,1
list_with_project,laravel,4,200,5.476,3,9688,1
list_with_project,laravel,5,200,4.467,3,9688,1
list_with_project,laravel,6,200,4.44,3,9688,1
list_with_project,laravel,7,200,4.013,3,9688,1
list_with_project,laravel,8,200,4.593,3,9688,1
list_with_project,laravel,9,200,3.975,3,9688,1
list_with_project,laravel,10,200,3.916,3,9688,1
list_with_project,laravel,11,200,4.173,3,9688,1
list_with_project,laravel,12,200,4.767,3,9688,1
list_with_project,laravel,13,200,4.09,3,9688,1
list_with_project,laravel,14,200,3.744,3,9688,1
list_with_project,laravel,15,200,3.866,3,9688,1
list_with_project,laravel,16,200,4.108,3,9688,1
list_with_project,laravel,17,200,4.282,3,9688,1
list_with_project,laravel,18,200,4.592,3,9688,1
list_with_project,laravel,19,200,10.541,3,9688,1
list_with_project,laravel,20,200,4.342,3,9688,1
list_with_project,laravel,21,200,4.242,3,9688,1
list_with_project,laravel,22,200,4.69,3,9688,1
list_with_project,laravel,23,200,4.459,3,9688,1
list_with_project,laravel,24,200,4.671,3,9688,1
list_with_project,laravel,25,200,4.637,3,9688,1
list_with_project,laravel,26,200,3.637,3,9688,1
list_with_project,laravel,27,200,4.052,3,9688,1
list_with_project,laravel,28,200,4.2,3,9688,1
list_with_project,laravel,29,200,4.066,3,9688,1
list_with_project,laravel,30,200,3.954,3,9688,1
list_with_project,symfony,1,200,10.991,3,6997,1
list_with_project,symfony,2,200,11.248,3,6997,1
list_with_project,symfony,3,200,11.093,3,6997,1
list_with_project,symfony,4,200,26.833,3,6997,1
list_with_project,symfony,5,200,10.973,3,6997,1
list_with_project,symfony,6,200,10.717,3,6997,1
list_with_project,symfony,7,200,10.72,3,6997,1
list_with_project,symfony,8,200,10.794,3,6997,1
list_with_project,symfony,9,200,10.58,3,6997,1
list_with_project,symfony,10,200,10.557,3,6997,1
list_with_project,symfony,11,200,10.666,3,6997,1
list_with_project,symfony,12,200,28.537,3,6997,1
list_with_project,symfony,13,200,13.706,3,6997,1
list_with_project,symfony,14,200,10.686,3,6997,1
list_with_project,symfony,15,200,10.735,3,6997,1
list_with_project,symfony,16,200,10.966,3,6997,1
list_with_project,symfony,17,200,49.877,3,6997,1
list_with_project,symfony,18,200,11.203,3,6997,1
list_with_project,symfony,19,200,22.229,3,6997,1
list_with_project,symfony,20,200,11.121,3,6997,1
list_with_project,symfony,21,200,11.297,3,6997,1
list_with_project,symfony,22,200,10.69,3,6997,1
list_with_project,symfony,23,200,10.618,3,6997,1
list_with_project,symfony,24,200,10.589,3,6997,1
list_with_project,symfony,25,200,11.9,3,6997,1
list_with_project,symfony,26,200,12.533,3,6997,1
list_with_project,symfony,27,200,26.672,3,6997,1
list_with_project,symfony,28,200,10.757,3,6997,1
list_with_project,symfony,29,200,10.668,3,6997,1
list_with_project,symfony,30,200,10.625,3,6997,1
list_with_comments,laravel,1,200,5.408,3,25614,1
list_with_comments,laravel,2,200,5.037,3,25614,1
list_with_comments,laravel,3,200,5.05,3,25614,1
list_with_comments,laravel,4,200,4.993,3,25614,1
list_with_comments,laravel,5,200,4.969,3,25614,1
list_with_comments,laravel,6,200,5.078,3,25614,1
list_with_comments,laravel,7,200,5.469,3,25614,1
list_with_comments,laravel,8,200,5.021,3,25614,1
list_with_comments,laravel,9,200,5.073,3,25614,1
list_with_comments,laravel,10,200,4.884,3,25614,1
list_with_comments,laravel,11,200,4.967,3,25614,1
list_with_comments,laravel,12,200,5.361,3,25614,1
list_with_comments,laravel,13,200,5.081,3,25614,1
list_with_comments,laravel,14,200,9.897,3,25614,1
list_with_comments,laravel,15,200,5.004,3,25614,1
list_with_comments,laravel,16,200,5.128,3,25614,1
list_with_comments,laravel,17,200,5.125,3,25614,1
list_with_comments,laravel,18,200,5.078,3,25614,1
list_with_comments,laravel,19,200,4.92,3,25614,1
list_with_comments,laravel,20,200,5.15,3,25614,1
list_with_comments,laravel,21,200,4.904,3,25614,1
list_with_comments,laravel,22,200,5.211,3,25614,1
list_with_comments,laravel,23,200,4.882,3,25614,1
list_with_comments,laravel,24,200,5.028,3,25614,1
list_with_comments,laravel,25,200,5.072,3,25614,1
list_with_comments,laravel,26,200,5.259,3,25614,1
list_with_comments,laravel,27,200,4.881,3,25614,1
list_with_comments,laravel,28,200,5.199,3,25614,1
list_with_comments,laravel,29,200,5.072,3,25614,1
list_with_comments,laravel,30,200,4.761,3,25614,1
list_with_comments,symfony,1,200,31.848,3,26272,1
list_with_comments,symfony,2,200,35.357,3,26272,1
list_with_comments,symfony,3,200,45.927,3,26272,1
list_with_comments,symfony,4,200,34.316,3,26272,1
list_with_comments,symfony,5,200,89.663,3,26272,1
list_with_comments,symfony,6,200,31.477,3,26272,1
list_with_comments,symfony,7,200,32.527,3,26272,1
list_with_comments,symfony,8,200,32.875,3,26272,1
list_with_comments,symfony,9,200,45.832,3,26272,1
list_with_comments,symfony,10,200,31.712,3,26272,1
list_with_comments,symfony,11,200,32.798,3,26272,1
list_with_comments,symfony,12,200,35.936,3,26272,1
list_with_comments,symfony,13,200,35.08,3,26272,1
list_with_comments,symfony,14,200,32.269,3,26272,1
list_with_comments,symfony,15,200,32.868,3,26272,1
list_with_comments,symfony,16,200,45.817,3,26272,1
list_with_comments,symfony,17,200,31.377,3,26272,1
list_with_comments,symfony,18,200,33.1,3,26272,1
list_with_comments,symfony,19,200,32.603,3,26272,1
list_with_comments,symfony,20,200,31.609,3,26272,1
list_with_comments,symfony,21,200,32.288,3,26272,1
list_with_comments,symfony,22,200,32.922,3,26272,1
list_with_comments,symfony,23,200,45.953,3,26272,1
list_with_comments,symfony,24,200,31.612,3,26272,1
list_with_comments,symfony,25,200,32.215,3,26272,1
list_with_comments,symfony,26,200,31.695,3,26272,1
list_with_comments,symfony,27,200,34.873,3,26272,1
list_with_comments,symfony,28,200,32.012,3,26272,1
list_with_comments,symfony,29,200,32.749,3,26272,1
list_with_comments,symfony,30,200,44.636,3,26272,1
list_with_tags,laravel,1,200,5.188,3,10227,1
list_with_tags,laravel,2,200,4.967,3,10227,1
list_with_tags,laravel,3,200,5.341,3,10227,1
list_with_tags,laravel,4,200,5.371,3,10227,1
list_with_tags,laravel,5,200,5.277,3,10227,1
list_with_tags,laravel,6,200,5.431,3,10227,1
list_with_tags,laravel,7,200,5.323,3,10227,1
list_with_tags,laravel,8,200,5.235,3,10227,1
list_with_tags,laravel,9,200,5.312,3,10227,1
list_with_tags,laravel,10,200,5.469,3,10227,1
list_with_tags,laravel,11,200,5.158,3,10227,1
list_with_tags,laravel,12,200,5.593,3,10227,1
list_with_tags,laravel,13,200,5.154,3,10227,1
list_with_tags,laravel,14,200,5.366,3,10227,1
list_with_tags,laravel,15,200,5.298,3,10227,1
list_with_tags,laravel,16,200,5.23,3,10227,1
list_with_tags,laravel,17,200,5.079,3,10227,1
list_with_tags,laravel,18,200,5.263,3,10227,1
list_with_tags,laravel,19,200,10.706,3,10227,1
list_with_tags,laravel,20,200,5.614,3,10227,1
list_with_tags,laravel,21,200,5.366,3,10227,1
list_with_tags,laravel,22,200,5.316,3,10227,1
list_with_tags,laravel,23,200,5.108,3,10227,1
list_with_tags,laravel,24,200,5.171,3,10227,1
list_with_tags,laravel,25,200,5.4,3,10227,1
list_with_tags,laravel,26,200,5.117,3,10227,1
list_with_tags,laravel,27,200,5.201,3,10227,1
list_with_tags,laravel,28,200,5.36,3,10227,1
list_with_tags,laravel,29,200,5.269,3,10227,1
list_with_tags,laravel,30,200,8.111,3,10227,1
list_with_tags,symfony,1,200,42.731,3,10884,1
list_with_tags,symfony,2,200,48.722,3,10884,1
list_with_tags,symfony,3,200,43.167,3,10884,1
list_with_tags,symfony,4,200,41.025,3,10884,1
list_with_tags,symfony,5,200,41.756,3,10884,1
list_with_tags,symfony,6,200,41.182,3,10884,1
list_with_tags,symfony,7,200,40.762,3,10884,1
list_with_tags,symfony,8,200,54.363,3,10884,1
list_with_tags,symfony,9,200,43.837,3,10884,1
list_with_tags,symfony,10,200,43.92,3,10884,1
list_with_tags,symfony,11,200,41.016,3,10884,1
list_with_tags,symfony,12,200,43.392,3,10884,1
list_with_tags,symfony,13,200,40.533,3,10884,1
list_with_tags,symfony,14,200,54.452,3,10884,1
list_with_tags,symfony,15,200,41.937,3,10884,1
list_with_tags,symfony,16,200,40.859,3,10884,1
list_with_tags,symfony,17,200,41,3,10884,1
list_with_tags,symfony,18,200,40.924,3,10884,1
list_with_tags,symfony,19,200,40.64,3,10884,1
list_with_tags,symfony,20,200,59.235,3,10884,1
list_with_tags,symfony,21,200,42.991,3,10884,1
list_with_tags,symfony,22,200,41.2,3,10884,1
list_with_tags,symfony,23,200,41.041,3,10884,1
list_with_tags,symfony,24,200,41.372,3,10884,1
list_with_tags,symfony,25,200,41.457,3,10884,1
list_with_tags,symfony,26,200,53.974,3,10884,1
list_with_tags,symfony,27,200,47.649,3,10884,1
list_with_tags,symfony,28,200,40.33,3,10884,1
list_with_tags,symfony,29,200,40.768,3,10884,1
list_with_tags,symfony,30,200,42.011,3,10884,1
list_with_all,laravel,1,200,7.525,5,35503,1
list_with_all,laravel,2,200,7.539,5,35503,1
list_with_all,laravel,3,200,7.26,5,35503,1
list_with_all,laravel,4,200,7.565,5,35503,1
list_with_all,laravel,5,200,7.402,5,35503,1
list_with_all,laravel,6,200,7.497,5,35503,1
list_with_all,laravel,7,200,7.382,5,35503,1
list_with_all,laravel,8,200,7.481,5,35503,1
list_with_all,laravel,9,200,7.42,5,35503,1
list_with_all,laravel,10,200,7.396,5,35503,1
list_with_all,laravel,11,200,7.494,5,35503,1
list_with_all,laravel,12,200,19.418,5,35503,1
list_with_all,laravel,13,200,11.687,5,35503,1
list_with_all,laravel,14,200,7.376,5,35503,1
list_with_all,laravel,15,200,7.517,5,35503,1
list_with_all,laravel,16,200,7.349,5,35503,1
list_with_all,laravel,17,200,7.657,5,35503,1
list_with_all,laravel,18,200,7.475,5,35503,1
list_with_all,laravel,19,200,7.355,5,35503,1
list_with_all,laravel,20,200,8.506,5,35503,1
list_with_all,laravel,21,200,7.439,5,35503,1
list_with_all,laravel,22,200,7.651,5,35503,1
list_with_all,laravel,23,200,7.524,5,35503,1
list_with_all,laravel,24,200,7.443,5,35503,1
list_with_all,laravel,25,200,8.027,5,35503,1
list_with_all,laravel,26,200,8.747,5,35503,1
list_with_all,laravel,27,200,7.537,5,35503,1
list_with_all,laravel,28,200,7.694,5,35503,1
list_with_all,laravel,29,200,7.36,5,35503,1
list_with_all,laravel,30,200,7.404,5,35503,1
list_with_all,symfony,1,200,187.239,3,35899,1
list_with_all,symfony,2,200,177.719,3,35899,1
list_with_all,symfony,3,200,181.985,3,35899,1
list_with_all,symfony,4,200,192.714,3,35899,1
list_with_all,symfony,5,200,177.765,3,35899,1
list_with_all,symfony,6,200,178.241,3,35899,1
list_with_all,symfony,7,200,175.233,3,35899,1
list_with_all,symfony,8,200,189.495,3,35899,1
list_with_all,symfony,9,200,175.913,3,35899,1
list_with_all,symfony,10,200,228.733,3,35899,1
list_with_all,symfony,11,200,174.954,3,35899,1
list_with_all,symfony,12,200,190.823,3,35899,1
list_with_all,symfony,13,200,175.808,3,35899,1
list_with_all,symfony,14,200,178.481,3,35899,1
list_with_all,symfony,15,200,175.97,3,35899,1
list_with_all,symfony,16,200,184.568,3,35899,1
list_with_all,symfony,17,200,176.559,3,35899,1
list_with_all,symfony,18,200,174.375,3,35899,1
list_with_all,symfony,19,200,176.631,3,35899,1
list_with_all,symfony,20,200,187.333,3,35899,1
list_with_all,symfony,21,200,176.09,3,35899,1
list_with_all,symfony,22,200,222.887,3,35899,1
list_with_all,symfony,23,200,177.542,3,35899,1
list_with_all,symfony,24,200,193.007,3,35899,1
list_with_all,symfony,25,200,176.534,3,35899,1
list_with_all,symfony,26,200,176.401,3,35899,1
list_with_all,symfony,27,200,175.249,3,35899,1
list_with_all,symfony,28,200,189.436,3,35899,1
list_with_all,symfony,29,200,176.158,3,35899,1
list_with_all,symfony,30,200,176.934,3,35899,1
list_100_with_all,laravel,1,200,40.323,5,236925,1
list_100_with_all,laravel,2,200,27.122,5,236925,1
list_100_with_all,laravel,3,200,26.809,5,236925,1
list_100_with_all,laravel,4,200,26.817,5,236925,1
list_100_with_all,laravel,5,200,26.961,5,236925,1
list_100_with_all,laravel,6,200,26.366,5,236925,1
list_100_with_all,laravel,7,200,26.323,5,236925,1
list_100_with_all,laravel,8,200,26.28,5,236925,1
list_100_with_all,laravel,9,200,26.711,5,236925,1
list_100_with_all,laravel,10,200,26.538,5,236925,1
list_100_with_all,laravel,11,200,26.449,5,236925,1
list_100_with_all,laravel,12,200,33.542,5,236925,1
list_100_with_all,laravel,13,200,26.528,5,236925,1
list_100_with_all,laravel,14,200,26.42,5,236925,1
list_100_with_all,laravel,15,200,26.473,5,236925,1
list_100_with_all,laravel,16,200,27.159,5,236925,1
list_100_with_all,laravel,17,200,26.124,5,236925,1
list_100_with_all,laravel,18,200,26.424,5,236925,1
list_100_with_all,laravel,19,200,26.504,5,236925,1
list_100_with_all,laravel,20,200,26.311,5,236925,1
list_100_with_all,laravel,21,200,26.289,5,236925,1
list_100_with_all,laravel,22,200,26.708,5,236925,1
list_100_with_all,laravel,23,200,26.753,5,236925,1
list_100_with_all,laravel,24,200,26.28,5,236925,1
list_100_with_all,laravel,25,200,26.421,5,236925,1
list_100_with_all,laravel,26,200,26.457,5,236925,1
list_100_with_all,laravel,27,200,26.599,5,236925,1
list_100_with_all,laravel,28,200,26.26,5,236925,1
list_100_with_all,laravel,29,200,28.287,5,236925,1
list_100_with_all,laravel,30,200,27.013,5,236925,1
list_100_with_all,symfony,1,200,203.78,3,248188,1
list_100_with_all,symfony,2,200,221.713,3,248188,1
list_100_with_all,symfony,3,200,207.959,3,248188,1
list_100_with_all,symfony,4,200,200.962,3,248188,1
list_100_with_all,symfony,5,200,215.966,3,248188,1
list_100_with_all,symfony,6,200,200.015,3,248188,1
list_100_with_all,symfony,7,200,204.641,3,248188,1
list_100_with_all,symfony,8,200,213.156,3,248188,1
list_100_with_all,symfony,9,200,205.901,3,248188,1
list_100_with_all,symfony,10,200,201.482,3,248188,1
list_100_with_all,symfony,11,200,275.753,3,248188,1
list_100_with_all,symfony,12,200,201.94,3,248188,1
list_100_with_all,symfony,13,200,199.838,3,248188,1
list_100_with_all,symfony,14,200,210.875,3,248188,1
list_100_with_all,symfony,15,200,204.723,3,248188,1
list_100_with_all,symfony,16,200,204.362,3,248188,1
list_100_with_all,symfony,17,200,211.646,3,248188,1
list_100_with_all,symfony,18,200,204.72,3,248188,1
list_100_with_all,symfony,19,200,204.221,3,248188,1
list_100_with_all,symfony,20,200,213.161,3,248188,1
list_100_with_all,symfony,21,200,202.746,3,248188,1
list_100_with_all,symfony,22,200,209.772,3,248188,1
list_100_with_all,symfony,23,200,209.756,3,248188,1
list_100_with_all,symfony,24,200,209.862,3,248188,1
list_100_with_all,symfony,25,200,201.312,3,248188,1
list_100_with_all,symfony,26,200,201.195,3,248188,1
list_100_with_all,symfony,27,200,206.968,3,248188,1
list_100_with_all,symfony,28,200,210.361,3,248188,1
list_100_with_all,symfony,29,200,204.695,3,248188,1
list_100_with_all,symfony,30,200,210.823,3,248188,1
single_with_all,laravel,1,200,3.452,5,2397,1
single_with_all,laravel,2,200,3.478,5,2397,1
single_with_all,laravel,3,200,3.694,5,2397,1
single_with_all,laravel,4,200,4.177,5,2397,1
single_with_all,laravel,5,200,3.4,5,2397,1
single_with_all,laravel,6,200,3.467,5,2397,1
single_with_all,laravel,7,200,3.523,5,2397,1
single_with_all,laravel,8,200,3.499,5,2397,1
single_with_all,laravel,9,200,3.701,5,2397,1
single_with_all,laravel,10,200,3.414,5,2397,1
single_with_all,laravel,11,200,3.551,5,2397,1
single_with_all,laravel,12,200,3.519,5,2397,1
single_with_all,laravel,13,200,8.285,5,2397,1
single_with_all,laravel,14,200,3.529,5,2397,1
single_with_all,laravel,15,200,3.753,5,2397,1
single_with_all,laravel,16,200,3.52,5,2397,1
single_with_all,laravel,17,200,3.406,5,2397,1
single_with_all,laravel,18,200,3.447,5,2397,1
single_with_all,laravel,19,200,3.517,5,2397,1
single_with_all,laravel,20,200,3.627,5,2397,1
single_with_all,laravel,21,200,3.641,5,2397,1
single_with_all,laravel,22,200,3.677,5,2397,1
single_with_all,laravel,23,200,3.487,5,2397,1
single_with_all,laravel,24,200,3.575,5,2397,1
single_with_all,laravel,25,200,3.447,5,2397,1
single_with_all,laravel,26,200,3.439,5,2397,1
single_with_all,laravel,27,200,3.552,5,2397,1
single_with_all,laravel,28,200,3.794,5,2397,1
single_with_all,laravel,29,200,3.477,5,2397,1
single_with_all,laravel,30,200,3.505,5,2397,1
single_with_all,symfony,1,200,7.561,2,3262,1
single_with_all,symfony,2,200,7.292,2,3262,1
single_with_all,symfony,3,200,6.617,2,3262,1
single_with_all,symfony,4,200,20.86,2,3262,1
single_with_all,symfony,5,200,6.887,2,3262,1
single_with_all,symfony,6,200,7.161,2,3262,1
single_with_all,symfony,7,200,6.861,2,3262,1
single_with_all,symfony,8,200,6.985,2,3262,1
single_with_all,symfony,9,200,6.997,2,3262,1
single_with_all,symfony,10,200,6.872,2,3262,1
single_with_all,symfony,11,200,6.848,2,3262,1
single_with_all,symfony,12,200,20.933,2,3262,1
single_with_all,symfony,13,200,6.861,2,3262,1
single_with_all,symfony,14,200,7.241,2,3262,1
single_with_all,symfony,15,200,10.562,2,3262,1
single_with_all,symfony,16,200,6.862,2,3262,1
single_with_all,symfony,17,200,7.074,2,3262,1
single_with_all,symfony,18,200,6.911,2,3262,1
single_with_all,symfony,19,200,6.964,2,3262,1
single_with_all,symfony,20,200,23.838,2,3262,1
single_with_all,symfony,21,200,6.838,2,3262,1
single_with_all,symfony,22,200,6.55,2,3262,1
single_with_all,symfony,23,200,6.963,2,3262,1
single_with_all,symfony,24,200,7.063,2,3262,1
single_with_all,symfony,25,200,7.113,2,3262,1
single_with_all,symfony,26,200,6.527,2,3262,1
single_with_all,symfony,27,200,6.85,2,3262,1
single_with_all,symfony,28,200,20.831,2,3262,1
single_with_all,symfony,29,200,7.398,2,3262,1
single_with_all,symfony,30,200,7.146,2,3262,1
