framework,scenario,iteration,method,endpoint,status,response_time_ms,query_count,client_time_ms,response_size_bytes,error,record_id,valid
laravel,create_task,1,POST,/api/tasks,201,4.339,3,11.545,304,,10753,1
laravel,create_task,2,POST,/api/tasks,201,4.324,3,11.538,304,,10754,1
laravel,create_task,3,POST,/api/tasks,201,4.486,3,12.089,304,,10755,1
laravel,create_task,4,POST,/api/tasks,201,4.587,3,13.362,304,,10756,1
laravel,create_task,5,POST,/api/tasks,201,4.163,3,11.407,304,,10757,1
laravel,create_task,6,POST,/api/tasks,201,4.345,3,12.851,304,,10758,1
laravel,create_task,7,POST,/api/tasks,201,4.412,3,11.833,304,,10759,1
laravel,create_task,8,POST,/api/tasks,201,4.55,3,11.336,304,,10760,1
laravel,create_task,9,POST,/api/tasks,201,8.528,3,32.451,304,,10761,1
laravel,create_task,10,POST,/api/tasks,201,4.265,3,11.591,305,,10762,1
laravel,create_task,11,POST,/api/tasks,201,4.317,3,12.128,305,,10763,1
laravel,create_task,12,POST,/api/tasks,201,4.281,3,11.824,305,,10764,1
laravel,create_task,13,POST,/api/tasks,201,4.329,3,11.64,305,,10765,1
laravel,create_task,14,POST,/api/tasks,201,4.406,3,11.255,305,,10766,1
laravel,create_task,15,POST,/api/tasks,201,4.616,3,11.406,305,,10767,1
laravel,create_task,16,POST,/api/tasks,201,4.247,3,11.594,305,,10768,1
laravel,create_task,17,POST,/api/tasks,201,4.23,3,11.043,305,,10769,1
laravel,create_task,18,POST,/api/tasks,201,4.114,3,12.476,305,,10770,1
laravel,create_task,19,POST,/api/tasks,201,5.169,3,12.88,305,,10771,1
laravel,create_task,20,POST,/api/tasks,201,4.234,3,11.472,305,,10772,1
laravel,create_task,21,POST,/api/tasks,201,4.552,3,11.412,305,,10773,1
laravel,create_task,22,POST,/api/tasks,201,4.433,3,11.843,305,,10774,1
laravel,create_task,23,POST,/api/tasks,201,4.292,3,11.564,305,,10775,1
laravel,create_task,24,POST,/api/tasks,201,4.529,3,12.838,305,,10776,1
laravel,create_task,25,POST,/api/tasks,201,10.573,3,45.592,305,,10777,1
laravel,create_task,26,POST,/api/tasks,201,4.261,3,10.649,305,,10778,1
laravel,create_task,27,POST,/api/tasks,201,4.1,3,10.576,305,,10779,1
laravel,create_task,28,POST,/api/tasks,201,3.974,3,11.251,305,,10780,1
laravel,create_task,29,POST,/api/tasks,201,16.311,3,25.792,305,,10781,1
laravel,create_task,30,POST,/api/tasks,201,4.168,3,11.136,305,,10782,1
symfony,create_task,1,POST,/api/tasks,201,17.695,3,25.913,630,,10755,1
symfony,create_task,2,POST,/api/tasks,201,12.99,3,23.021,630,,10756,1
symfony,create_task,3,POST,/api/tasks,201,11.195,3,19.373,630,,10757,1
symfony,create_task,4,POST,/api/tasks,201,16.795,3,27.546,630,,10758,1
symfony,create_task,5,POST,/api/tasks,201,12.989,3,23.796,630,,10759,1
symfony,create_task,6,POST,/api/tasks,201,23.129,3,36.338,630,,10760,1
symfony,create_task,7,POST,/api/tasks,201,12.73,3,22.801,630,,10761,1
symfony,create_task,8,POST,/api/tasks,201,12.185,3,22.335,630,,10762,1
symfony,create_task,9,POST,/api/tasks,201,11.036,3,19.427,630,,10763,1
symfony,create_task,10,POST,/api/tasks,201,14.03,3,28.639,631,,10764,1
symfony,create_task,11,POST,/api/tasks,201,10.875,3,19.178,631,,10765,1
symfony,create_task,12,POST,/api/tasks,201,33.922,3,52.175,631,,10766,1
symfony,create_task,13,POST,/api/tasks,201,12.73,3,22.868,631,,10767,1
symfony,create_task,14,POST,/api/tasks,201,13.003,3,22.95,631,,10768,1
symfony,create_task,15,POST,/api/tasks,201,13.131,3,23.288,631,,10769,1
symfony,create_task,16,POST,/api/tasks,201,12.757,3,23.218,631,,10770,1
symfony,create_task,17,POST,/api/tasks,201,33.772,3,52.59,631,,10771,1
symfony,create_task,18,POST,/api/tasks,201,12.393,3,22.465,631,,10772,1
symfony,create_task,19,POST,/api/tasks,201,12.47,3,22.489,631,,10773,1
symfony,create_task,20,POST,/api/tasks,201,12.67,3,23.411,631,,10774,1
symfony,create_task,21,POST,/api/tasks,201,12.565,3,22.576,631,,10775,1
symfony,create_task,22,POST,/api/tasks,201,35.09,3,53.112,631,,10776,1
symfony,create_task,23,POST,/api/tasks,201,12.802,3,22.68,631,,10777,1
symfony,create_task,24,POST,/api/tasks,201,11.048,3,19.299,631,,10778,1
symfony,create_task,25,POST,/api/tasks,201,13.217,3,23.387,631,,10779,1
symfony,create_task,26,POST,/api/tasks,201,13.782,3,29.02,631,,10780,1
symfony,create_task,27,POST,/api/tasks,201,31.657,3,44.934,631,,10781,1
symfony,create_task,28,POST,/api/tasks,201,12.891,3,24.023,631,,10782,1
symfony,create_task,29,POST,/api/tasks,201,11.24,3,19.271,631,,10783,1
symfony,create_task,30,POST,/api/tasks,201,11.718,3,20.278,631,,10784,1
laravel,update_task,1,PUT,/api/tasks/10788,200,4.903,5,11.554,310,,10788,1
laravel,update_task,2,PUT,/api/tasks/10789,200,4.823,5,12.057,310,,10789,1
laravel,update_task,3,PUT,/api/tasks/10790,200,4.753,5,12.076,310,,10790,1
laravel,update_task,4,PUT,/api/tasks/10791,200,5.527,5,14.47,310,,10791,1
laravel,update_task,5,PUT,/api/tasks/10792,200,4.693,5,11.92,310,,10792,1
laravel,update_task,6,PUT,/api/tasks/10793,200,4.623,5,11.915,310,,10793,1
laravel,update_task,7,PUT,/api/tasks/10794,200,4.851,5,13.297,310,,10794,1
laravel,update_task,8,PUT,/api/tasks/10795,200,5.361,5,12.634,310,,10795,1
laravel,update_task,9,PUT,/api/tasks/10796,200,4.892,5,12.245,310,,10796,1
laravel,update_task,10,PUT,/api/tasks/10797,200,5.162,5,13.531,311,,10797,1
laravel,update_task,11,PUT,/api/tasks/10798,200,7.708,5,15.711,311,,10798,1
laravel,update_task,12,PUT,/api/tasks/10799,200,5.188,5,12.625,311,,10799,1
laravel,update_task,13,PUT,/api/tasks/10800,200,4.852,5,12.09,311,,10800,1
laravel,update_task,14,PUT,/api/tasks/10801,200,4.631,5,11.887,311,,10801,1
laravel,update_task,15,PUT,/api/tasks/10802,200,5.051,5,12.494,311,,10802,1
laravel,update_task,16,PUT,/api/tasks/10803,200,4.739,5,11.971,311,,10803,1
laravel,update_task,17,PUT,/api/tasks/10804,200,4.612,5,11.962,311,,10804,1
laravel,update_task,18,PUT,/api/tasks/10805,200,4.879,5,12.131,311,,10805,1
laravel,update_task,19,PUT,/api/tasks/10806,200,4.778,5,11.384,311,,10806,1
laravel,update_task,20,PUT,/api/tasks/10807,200,4.776,5,12.036,311,,10807,1
laravel,update_task,21,PUT,/api/tasks/10808,200,4.936,5,13.412,311,,10808,1
laravel,update_task,22,PUT,/api/tasks/10809,200,4.744,5,12.027,311,,10809,1
laravel,update_task,23,PUT,/api/tasks/10810,200,4.624,5,11.843,311,,10810,1
laravel,update_task,24,PUT,/api/tasks/10811,200,4.881,5,13.134,311,,10811,1
laravel,update_task,25,PUT,/api/tasks/10812,200,4.791,5,12.085,311,,10812,1
laravel,update_task,26,PUT,/api/tasks/10813,200,4.634,5,11.822,311,,10813,1
laravel,update_task,27,PUT,/api/tasks/10814,200,6.631,5,15.321,311,,10814,1
laravel,update_task,28,PUT,/api/tasks/10815,200,5.596,5,12.903,311,,10815,1
laravel,update_task,29,PUT,/api/tasks/10816,200,4.81,5,12.191,311,,10816,1
laravel,update_task,30,PUT,/api/tasks/10817,200,5.202,5,13.109,311,,10817,1
symfony,update_task,1,PUT,/api/tasks/10790,200,28.518,3,42.096,310,,10790,1
symfony,update_task,2,PUT,/api/tasks/10791,200,16.424,3,37.294,310,,10791,1
symfony,update_task,3,PUT,/api/tasks/10792,200,11.77,3,22.068,310,,10792,1
symfony,update_task,4,PUT,/api/tasks/10793,200,12.626,3,21.178,310,,10793,1
symfony,update_task,5,PUT,/api/tasks/10794,200,12.18,3,21.853,310,,10794,1
symfony,update_task,6,PUT,/api/tasks/10795,200,32.766,3,51.301,310,,10795,1
symfony,update_task,7,PUT,/api/tasks/10796,200,12.036,3,21.876,310,,10796,1
symfony,update_task,8,PUT,/api/tasks/10797,200,12.389,3,22.605,310,,10797,1
symfony,update_task,9,PUT,/api/tasks/10798,200,11.895,3,21.733,310,,10798,1
symfony,update_task,10,PUT,/api/tasks/10799,200,12.463,3,22.333,311,,10799,1
symfony,update_task,11,PUT,/api/tasks/10800,200,13.746,3,24.609,311,,10800,1
symfony,update_task,12,PUT,/api/tasks/10801,200,11.886,3,22.008,311,,10801,1
symfony,update_task,13,PUT,/api/tasks/10802,200,10.76,3,20.58,311,,10802,1
symfony,update_task,14,PUT,/api/tasks/10803,200,23.225,3,41.295,311,,10803,1
symfony,update_task,15,PUT,/api/tasks/10804,200,12.872,3,22.892,311,,10804,1
symfony,update_task,16,PUT,/api/tasks/10805,200,12.177,3,22.003,311,,10805,1
symfony,update_task,17,PUT,/api/tasks/10806,200,25.16,3,45.789,311,,10806,1
symfony,update_task,18,PUT,/api/tasks/10807,200,11.975,3,22.11,311,,10807,1
symfony,update_task,19,PUT,/api/tasks/10808,200,23.395,3,42.558,311,,10808,1
symfony,update_task,20,PUT,/api/tasks/10809,200,11.687,3,21.122,311,,10809,1
symfony,update_task,21,PUT,/api/tasks/10810,200,12.002,3,21.894,311,,10810,1
symfony,update_task,22,PUT,/api/tasks/10811,200,11.931,3,21.721,311,,10811,1
symfony,update_task,23,PUT,/api/tasks/10812,200,12.339,3,22.216,311,,10812,1
symfony,update_task,24,PUT,/api/tasks/10813,200,12.071,3,21.848,311,,10813,1
symfony,update_task,25,PUT,/api/tasks/10814,200,12.356,3,21.836,311,,10814,1
symfony,update_task,26,PUT,/api/tasks/10815,200,12.608,3,22.454,311,,10815,1
symfony,update_task,27,PUT,/api/tasks/10816,200,23.273,3,41.773,311,,10816,1
symfony,update_task,28,PUT,/api/tasks/10817,200,21.799,3,31.861,311,,10817,1
symfony,update_task,29,PUT,/api/tasks/10818,200,12.432,3,22.092,311,,10818,1
symfony,update_task,30,PUT,/api/tasks/10819,200,12.083,3,21.899,311,,10819,1
laravel,delete_task,1,DELETE,/api/tasks/10823,204,2.937,2,9.996,0,,10823,1
laravel,delete_task,2,DELETE,/api/tasks/10824,204,2.855,2,10.117,0,,10824,1
laravel,delete_task,3,DELETE,/api/tasks/10825,204,6.251,2,41.412,0,,10825,1
laravel,delete_task,4,DELETE,/api/tasks/10826,204,2.94,2,10.253,0,,10826,1
laravel,delete_task,5,DELETE,/api/tasks/10827,204,2.972,2,10.326,0,,10827,1
laravel,delete_task,6,DELETE,/api/tasks/10828,204,2.893,2,10.145,0,,10828,1
laravel,delete_task,7,DELETE,/api/tasks/10829,204,2.95,2,10.27,0,,10829,1
laravel,delete_task,8,DELETE,/api/tasks/10830,204,2.837,2,9.867,0,,10830,1
laravel,delete_task,9,DELETE,/api/tasks/10831,204,3.156,2,11.325,0,,10831,1
laravel,delete_task,10,DELETE,/api/tasks/10832,204,2.762,2,9.846,0,,10832,1
laravel,delete_task,11,DELETE,/api/tasks/10833,204,2.937,2,10.103,0,,10833,1
laravel,delete_task,12,DELETE,/api/tasks/10834,204,5.478,2,41.001,0,,10834,1
laravel,delete_task,13,DELETE,/api/tasks/10835,204,2.889,2,10.127,0,,10835,1
laravel,delete_task,14,DELETE,/api/tasks/10836,204,3.059,2,10.193,0,,10836,1
laravel,delete_task,15,DELETE,/api/tasks/10837,204,2.895,2,10.065,0,,10837,1
laravel,delete_task,16,DELETE,/api/tasks/10838,204,2.999,2,13.195,0,,10838,1
laravel,delete_task,17,DELETE,/api/tasks/10839,204,2.857,2,10.714,0,,10839,1
laravel,delete_task,18,DELETE,/api/tasks/10840,204,2.852,2,10.023,0,,10840,1
laravel,delete_task,19,DELETE,/api/tasks/10841,204,2.867,2,10.281,0,,10841,1
laravel,delete_task,20,DELETE,/api/tasks/10842,204,2.618,2,9.627,0,,10842,1
laravel,delete_task,21,DELETE,/api/tasks/10843,204,2.78,2,10.078,0,,10843,1
laravel,delete_task,22,DELETE,/api/tasks/10844,204,2.991,2,10.162,0,,10844,1
laravel,delete_task,23,DELETE,/api/tasks/10845,204,2.812,2,9.976,0,,10845,1
laravel,delete_task,24,DELETE,/api/tasks/10846,204,2.868,2,9.946,0,,10846,1
laravel,delete_task,25,DELETE,/api/tasks/10847,204,2.962,2,10.619,0,,10847,1
laravel,delete_task,26,DELETE,/api/tasks/10848,204,3.021,2,10.502,0,,10848,1
laravel,delete_task,27,DELETE,/api/tasks/10849,204,3.083,2,10.514,0,,10849,1
laravel,delete_task,28,DELETE,/api/tasks/10850,204,2.841,2,9.381,0,,10850,1
laravel,delete_task,29,DELETE,/api/tasks/10851,204,2.949,2,10.748,0,,10851,1
laravel,delete_task,30,DELETE,/api/tasks/10852,204,4.812,2,28.902,0,,10852,1
symfony,delete_task,1,DELETE,/api/tasks/10825,204,5.779,2,16.344,0,,10825,1
symfony,delete_task,2,DELETE,/api/tasks/10826,204,5.981,2,15.551,0,,10826,1
symfony,delete_task,3,DELETE,/api/tasks/10827,204,7.9,2,29.286,0,,10827,1
symfony,delete_task,4,DELETE,/api/tasks/10828,204,6.307,2,15.312,0,,10828,1
symfony,delete_task,5,DELETE,/api/tasks/10829,204,5.519,2,13.932,0,,10829,1
symfony,delete_task,6,DELETE,/api/tasks/10830,204,5.561,2,14.86,0,,10830,1
symfony,delete_task,7,DELETE,/api/tasks/10831,204,5.452,2,15.862,0,,10831,1
symfony,delete_task,8,DELETE,/api/tasks/10832,204,5.786,2,15.431,0,,10832,1
symfony,delete_task,9,DELETE,/api/tasks/10833,204,5.783,2,15.42,0,,10833,1
symfony,delete_task,10,DELETE,/api/tasks/10834,204,5.035,2,12.701,0,,10834,1
symfony,delete_task,11,DELETE,/api/tasks/10835,204,6.144,2,15.981,0,,10835,1
symfony,delete_task,12,DELETE,/api/tasks/10836,204,7.645,2,29.294,0,,10836,1
symfony,delete_task,13,DELETE,/api/tasks/10837,204,5.821,2,13.849,0,,10837,1
symfony,delete_task,14,DELETE,/api/tasks/10838,204,5.737,2,15.754,0,,10838,1
symfony,delete_task,15,DELETE,/api/tasks/10839,204,5.521,2,15.324,0,,10839,1
symfony,delete_task,16,DELETE,/api/tasks/10840,204,6.179,2,15.7,0,,10840,1
symfony,delete_task,17,DELETE,/api/tasks/10841,204,5.724,2,15.683,0,,10841,1
symfony,delete_task,18,DELETE,/api/tasks/10842,204,5.716,2,15.651,0,,10842,1
symfony,delete_task,19,DELETE,/api/tasks/10843,204,5.397,2,15.323,0,,10843,1
symfony,delete_task,20,DELETE,/api/tasks/10844,204,7.759,2,30.152,0,,10844,1
symfony,delete_task,21,DELETE,/api/tasks/10845,204,5.341,2,14.593,0,,10845,1
symfony,delete_task,22,DELETE,/api/tasks/10846,204,5.954,2,16.104,0,,10846,1
symfony,delete_task,23,DELETE,/api/tasks/10847,204,6.662,2,16.28,0,,10847,1
symfony,delete_task,24,DELETE,/api/tasks/10848,204,5.694,2,15.571,0,,10848,1
symfony,delete_task,25,DELETE,/api/tasks/10849,204,5.351,2,14.017,0,,10849,1
symfony,delete_task,26,DELETE,/api/tasks/10850,204,6.025,2,15.784,0,,10850,1
symfony,delete_task,27,DELETE,/api/tasks/10851,204,5.817,2,16.004,0,,10851,1
symfony,delete_task,28,DELETE,/api/tasks/10852,204,5.127,2,13.407,0,,10852,1
symfony,delete_task,29,DELETE,/api/tasks/10853,204,5.909,2,15.821,0,,10853,1
symfony,delete_task,30,DELETE,/api/tasks/10854,204,5.57,2,15.476,0,,10854,1
